<?xml version="1.0" encoding="utf-8" ?>
<!--
  Order of the Interchange elements is not important.
  The extension metadata will replace the core metadata and contain all interchanges for the implementation.
-->
<Interchanges>
  <Interchange name="AssessmentMetadata">
    <Element name="Assessment" />
    <Element name="ObjectiveAssessment" />
    <Element name="AssessmentItem" />
    <Element name="LearningObjective" />
    <Element name="LearningStandard" />
  </Interchange>
  <Interchange name="Descriptors">
    <Element name="AbsenceEventCategoryDescriptor" />
    <Element name="AcademicHonorCategoryDescriptor" />
    <Element name="AcademicSubjectDescriptor" />
    <Element name="AccommodationDescriptor" />
    <Element name="AccountClassificationDescriptor" />
    <Element name="AchievementCategoryDescriptor" />
    <Element name="AdditionalCreditTypeDescriptor" />
    <Element name="AddressTypeDescriptor" />
    <Element name="AdministrationEnvironmentDescriptor" />
    <Element name="AdministrativeFundingControlDescriptor" />
    <Element name="AssessmentCategoryDescriptor" />
    <Element name="AssessmentIdentificationSystemDescriptor" />
    <Element name="AssessmentItemCategoryDescriptor" />
    <Element name="AssessmentItemResultDescriptor" />
    <Element name="AssessmentPeriodDescriptor" />
    <Element name="AssessmentReportingMethodDescriptor" />
    <Element name="AttemptStatusDescriptor" />
    <Element name="AttendanceEventCategoryDescriptor" />
    <Element name="BehaviorDescriptor" />
    <Element name="CalendarEventDescriptor" />
    <Element name="CalendarTypeDescriptor" />
    <Element name="CareerPathwayDescriptor" />
    <Element name="CharterApprovalAgencyTypeDescriptor" />
    <Element name="CharterStatusDescriptor" />
    <Element name="CitizenshipStatusDescriptor" />
    <Element name="ClassroomPositionDescriptor" />
    <Element name="CohortScopeDescriptor" />
    <Element name="CohortTypeDescriptor" />
    <Element name="CohortYearTypeDescriptor" />
    <Element name="CompetencyLevelDescriptor" />
    <Element name="ContactTypeDescriptor" />
    <Element name="ContentClassDescriptor" />
    <Element name="ContinuationOfServicesReasonDescriptor" />
    <Element name="CostRateDescriptor" />
    <Element name="CountryDescriptor" />
    <Element name="CourseAttemptResultDescriptor" />
    <Element name="CourseDefinedByDescriptor" />
    <Element name="CourseGPAApplicabilityDescriptor" />
    <Element name="CourseIdentificationSystemDescriptor" />
    <Element name="CourseLevelCharacteristicDescriptor" />
    <Element name="CourseRepeatCodeDescriptor" />
    <Element name="CredentialFieldDescriptor" />
    <Element name="CredentialTypeDescriptor" />
    <Element name="CreditTypeDescriptor" />
    <Element name="CurriculumUsedDescriptor" />
    <Element name="DeliveryMethodDescriptor" />
    <Element name="DiagnosisDescriptor" />
    <Element name="DiplomaLevelDescriptor" />
    <Element name="DiplomaTypeDescriptor" />
    <Element name="DisabilityDescriptor" />
    <Element name="DisabilityDesignationDescriptor" />
    <Element name="DisabilityDeterminationSourceTypeDescriptor" />
    <Element name="DisciplineDescriptor" />
    <Element name="DisciplineActionLengthDifferenceReasonDescriptor" />
    <Element name="EducationalEnvironmentDescriptor" />
    <Element name="EducationOrganizationCategoryDescriptor" />
    <Element name="EducationOrganizationIdentificationSystemDescriptor" />
    <Element name="EducationPlanDescriptor" />
    <Element name="ElectronicMailTypeDescriptor" />
    <Element name="EmploymentStatusDescriptor" />
    <Element name="EntryGradeLevelReasonDescriptor" />
    <Element name="EntryTypeDescriptor" />
    <Element name="EventCircumstanceDescriptor" />
    <Element name="ExitWithdrawTypeDescriptor" />
    <Element name="FederalLocaleCodeDescriptor" />
    <Element name="GradebookEntryTypeDescriptor" />
    <Element name="GradeLevelDescriptor" />
    <Element name="GradeTypeDescriptor" />
    <Element name="GradingPeriodDescriptor" />
    <Element name="GraduationPlanTypeDescriptor" />
    <Element name="GunFreeSchoolsActReportingStatusDescriptor" />
    <Element name="HomelessPrimaryNighttimeResidenceDescriptor" />
    <Element name="HomelessProgramServiceDescriptor" />
    <Element name="IdentificationDocumentUseDescriptor" />
    <Element name="IncidentLocationDescriptor" />
    <Element name="InstitutionTelephoneNumberTypeDescriptor" />
    <Element name="InteractivityStyleDescriptor" />
    <Element name="InternetAccessDescriptor" />
    <Element name="InterventionClassDescriptor" />
    <Element name="InterventionEffectivenessRatingDescriptor" />
    <Element name="LanguageDescriptor" />
    <Element name="LanguageInstructionProgramServiceDescriptor" />
    <Element name="LanguageUseDescriptor" />
    <Element name="LearningStandardCategoryDescriptor" />
    <Element name="LevelOfEducationDescriptor" />
    <Element name="LicenseStatusDescriptor" />
    <Element name="LicenseTypeDescriptor" />
    <Element name="LimitedEnglishProficiencyDescriptor" />
    <Element name="LocalEducationAgencyCategoryDescriptor" />
    <Element name="MagnetSpecialProgramEmphasisSchoolDescriptor" />
    <Element name="MediumOfInstructionDescriptor" />
    <Element name="MethodCreditEarnedDescriptor" />
    <Element name="MigrantEducationProgramServiceDescriptor" />
    <Element name="MonitoredDescriptor" />
    <Element name="NeglectedOrDelinquentProgramDescriptor" />
    <Element name="NeglectedOrDelinquentProgramServiceDescriptor" />
    <Element name="NetworkPurposeDescriptor" />
    <Element name="OldEthnicityDescriptor" />
    <Element name="OperationalStatusDescriptor" />
    <Element name="OtherNameTypeDescriptor" />
    <Element name="ParticipationDescriptor" />
    <Element name="PerformanceBaseConversionDescriptor" />
    <Element name="PerformanceLevelDescriptor" />
    <Element name="PersonalInformationVerificationDescriptor" />
    <Element name="PopulationServedDescriptor" />
    <Element name="PostingResultDescriptor" />
    <Element name="PostSecondaryEventCategoryDescriptor" />
    <Element name="PostSecondaryInstitutionLevelDescriptor" />
    <Element name="ProficiencyDescriptor" />
    <Element name="ProgramAssignmentDescriptor" />
    <Element name="ProgramCharacteristicDescriptor" />
    <Element name="ProgramSponsorDescriptor" />
    <Element name="ProgramTypeDescriptor" />
    <Element name="ProgressDescriptor" />
    <Element name="ProgressLevelDescriptor" />
    <Element name="ProviderCategoryDescriptor" />
    <Element name="ProviderProfitabilityDescriptor" />
    <Element name="ProviderStatusDescriptor" />
    <Element name="PublicationStatusDescriptor" />
    <Element name="RaceDescriptor" />
    <Element name="ReasonExitedDescriptor" />
    <Element name="ReasonNotTestedDescriptor" />
    <Element name="RecognitionTypeDescriptor" />
    <Element name="RelationDescriptor" />
    <Element name="RepeatIdentifierDescriptor" />
    <Element name="ReporterDescriptionDescriptor" />
    <Element name="ResidencyStatusDescriptor" />
    <Element name="ResponseIndicatorDescriptor" />
    <Element name="ResponsibilityDescriptor" />
    <Element name="RestraintEventReasonDescriptor" />
    <Element name="ResultDatatypeTypeDescriptor" />
    <Element name="RetestIndicatorDescriptor" />
    <Element name="SchoolCategoryDescriptor" />
    <Element name="SchoolChoiceImplementStatusDescriptor" />
    <Element name="SchoolFoodServiceProgramServiceDescriptor" />
    <Element name="SchoolStatusDescriptor" />
    <Element name="SchoolTypeDescriptor" />
    <Element name="SectionCharacteristicDescriptor" />
    <Element name="SeparationDescriptor" />
    <Element name="SeparationReasonDescriptor" />
    <Element name="ServiceDescriptor" />
    <Element name="SexDescriptor" />
    <Element name="SpecialEducationProgramServiceDescriptor" />
    <Element name="SpecialEducationSettingDescriptor" />
    <Element name="StaffClassificationDescriptor" />
    <Element name="StaffIdentificationSystemDescriptor" />
    <Element name="StaffLeaveEventCategoryDescriptor" />
    <Element name="StateAbbreviationDescriptor" />
    <Element name="StudentCharacteristicDescriptor" />
    <Element name="StudentIdentificationSystemDescriptor" />
    <Element name="StudentParticipationCodeDescriptor" />
    <Element name="TeachingCredentialDescriptor" />
    <Element name="TeachingCredentialBasisDescriptor" />
    <Element name="TechnicalSkillsAssessmentDescriptor" />
    <Element name="TelephoneNumberTypeDescriptor" />
    <Element name="TermDescriptor" />
    <Element name="TitleIPartAParticipantDescriptor" />
    <Element name="TitleIPartASchoolDesignationDescriptor" />
    <Element name="TribalAffiliationDescriptor" />
    <Element name="VisaDescriptor" />
    <Element name="WeaponDescriptor" />
  </Interchange>
  <Interchange name="EducationOrganization">
    <Element name="StateEducationAgency" />
    <Element name="EducationServiceCenter" />
    <Element name="FeederSchoolAssociation" />
    <Element name="LocalEducationAgency" />
    <Element name="School" />
    <Element name="Location" />
    <Element name="ClassPeriod" />
    <Element name="Course" />
    <Element name="Program" />
    <Element name="AccountabilityRating" />
    <Element name="EducationOrganizationPeerAssociation" />
    <Element name="EducationOrganizationNetwork" />
    <Element name="EducationOrganizationNetworkAssociation" />
    <Element name="CommunityOrganization" />
    <Element name="CommunityProvider" />
    <Element name="CommunityProviderLicense" />
    <Element name="PostSecondaryInstitution" />
  </Interchange>
  <Interchange name="EducationOrgCalendar">
    <Element name="Session" />
    <Element name="GradingPeriod" />
    <Element name="Calendar" />
    <Element name="CalendarDate" />
    <Element name="AcademicWeek" />
  </Interchange>
  <Interchange name="Finance">
    <Element name="Account" />
    <Element name="AccountCode" />
    <Element name="Actual" />
    <Element name="Budget" />
    <Element name="ContractedStaff" />
    <Element name="Payroll" />
  </Interchange>
  <Interchange name="MasterSchedule">
    <Element name="CourseOffering" />
    <Element name="Section" />
    <Element name="BellSchedule" />
  </Interchange>
  <Interchange name="Parent">
    <Element name="Parent" />
    <Element name="StudentParentAssociation" />
  </Interchange>
  <Interchange name="PostSecondaryEvent">
    <Element name="PostSecondaryEvent" />
  </Interchange>
  <Interchange name="StaffAssociation">
    <Element name="Staff" />
    <Element name="StaffEducationOrganizationEmploymentAssociation" />
    <Element name="StaffEducationOrganizationAssignmentAssociation" />
    <Element name="StaffSchoolAssociation" />
    <Element name="StaffSectionAssociation" />
    <Element name="StaffLeave" />
    <Element name="OpenStaffPosition" />
    <Element name="StaffProgramAssociation" />
    <Element name="StaffEducationOrganizationContactAssociation" />
    <Element name="StaffAbsenceEvent" />
    <Element name="Credential" />
  </Interchange>
  <Interchange name="Standards">
    <Element name="LearningObjective" />
    <Element name="LearningStandard" />
  </Interchange>
  <Interchange name="Student">
    <Element name="Student" />
  </Interchange>
  <Interchange name="StudentAssessment">
    <Element name="StudentAssessment" />
    <Element name="Assessment" />
    <Element name="AssessmentItem" />
    <Element name="ObjectiveAssessment" />
  </Interchange>
  <Interchange name="StudentAttendance">
    <Element name="StudentInterventionAttendanceEvent" />
    <Element name="StudentProgramAttendanceEvent" />
    <Element name="StudentSchoolAttendanceEvent" />
    <Element name="StudentSectionAttendanceEvent" />
    <Element name="SectionAttendanceTakenEvent" />
  </Interchange>
  <Interchange name="StudentCohort">
    <Element name="Cohort" />
    <Element name="StudentCohortAssociation" />
    <Element name="StaffCohortAssociation" />
  </Interchange>
  <Interchange name="StudentDiscipline">
    <Element name="DisciplineIncident" />
    <Element name="StudentDisciplineIncidentAssociation" />
    <Element name="DisciplineAction" />
  </Interchange>
  <Interchange name="StudentEnrollment">
    <Element name="StudentSchoolAssociation" />
    <Element name="StudentSectionAssociation" />
    <Element name="GraduationPlan" />
    <Element name="StudentEducationOrganizationResponsibilityAssociation" />
    <Element name="StudentEducationOrganizationAssociation" />
    <Element name="Section" />
  </Interchange>
  <Interchange name="StudentGrade">
    <Element name="ReportCard" />
    <Element name="Grade" />
    <Element name="CompetencyObjective" />
    <Element name="LearningObjective" />
    <Element name="StudentCompetencyObjective" />
    <Element name="StudentLearningObjective" />
  </Interchange>
  <Interchange name="StudentGradebook">
    <Element name="GradebookEntry" />
    <Element name="StudentGradebookEntry" />
    <Element name="Section" />
    <Element name="LearningObjective" />
  </Interchange>
  <Interchange name="StudentIntervention">
    <Element name="EducationContent" />
    <Element name="InterventionPrescription" />
    <Element name="Intervention" />
    <Element name="InterventionStudy" />
    <Element name="StudentInterventionAssociation" />
    <Element name="EducationOrganizationInterventionPrescriptionAssociation" />
  </Interchange>
  <Interchange name="StudentProgram">
    <Element name="StudentProgramAssociation" />
    <Element name="StudentSpecialEducationProgramAssociation" />
    <Element name="RestraintEvent" />
    <Element name="StudentCTEProgramAssociation" />
    <Element name="StudentTitleIPartAProgramAssociation" />
    <Element name="StudentMigrantEducationProgramAssociation" />
    <Element name="StudentLanguageInstructionProgramAssociation" />
    <Element name="StudentHomelessProgramAssociation" />
    <Element name="StudentNeglectedOrDelinquentProgramAssociation" />
    <Element name="StudentSchoolFoodServiceProgramAssociation" />
  </Interchange>
  <Interchange name="StudentTranscript">
    <Element name="StudentAcademicRecord" />
    <Element name="CourseTranscript" />
  </Interchange>
</Interchanges>
